{
    "1950-1959": {
        "anger": 0.256208859889039,
        "disgust": 0.20843705637495283,
        "fear": 0.14589251348342833,
        "joy": 0.025635316651508085,
        "neutral": 0.17880665499450177,
        "sadness": 0.1423413777125737,
        "surprise": 0.04267822158007945
    },
    "1960-1969": {
        "anger": 0.21824697225690254,
        "disgust": 0.21735297237570492,
        "fear": 0.15408791674541691,
        "joy": 0.030276370475788263,
        "neutral": 0.18860408425838746,
        "sadness": 0.14935795121562978,
        "surprise": 0.04207373525990103
    },
    "1970-1979": {
        "anger": 0.21888929183661957,
        "disgust": 0.23045800852861892,
        "fear": 0.15146602092963204,
        "joy": 0.027692184072731253,
        "neutral": 0.1833389032224632,
        "sadness": 0.14854412678630446,
        "surprise": 0.03961146563825999
    },
    "1980-1989": {
        "anger": 0.23226676307148614,
        "disgust": 0.21872244810076485,
        "fear": 0.1544997139268606,
        "joy": 0.03140106552645789,
        "neutral": 0.17755482219958207,
        "sadness": 0.14701657265389173,
        "surprise": 0.038538615478495256
    },
    "1990-1999": {
        "anger": 0.25224747555722893,
        "disgust": 0.19877291199470973,
        "fear": 0.14778602714876943,
        "joy": 0.027014947561701197,
        "neutral": 0.17681895438172918,
        "sadness": 0.15454896108529342,
        "surprise": 0.04281072323804463
    },
    "2000-2009": {
        "anger": 0.2177281817788926,
        "disgust": 0.1904809961015344,
        "fear": 0.15344731753710836,
        "joy": 0.027154685665621237,
        "neutral": 0.19306974999568627,
        "sadness": 0.1723134270100696,
        "surprise": 0.04580564149539498
    },
    "2010-2019": {
        "anger": 0.21370617249778787,
        "disgust": 0.17089565421664452,
        "fear": 0.1560400217419341,
        "joy": 0.03889867572294581,
        "neutral": 0.20133011760263164,
        "sadness": 0.16805720381011063,
        "surprise": 0.051072153803833925
    }
}