{
    "drama": {
        "anger": 0.20654514118947878,
        "disgust": 0.20845090732515892,
        "fear": 0.13119372499848894,
        "joy": 0.028856821280701078,
        "neutral": 0.18148679187039732,
        "sadness": 0.20828377151270477,
        "surprise": 0.03518284174457075
    },
    "comedy": {
        "anger": 0.20232343438809391,
        "disgust": 0.19362450508260373,
        "fear": 0.11851833487666766,
        "joy": 0.03781464092172779,
        "neutral": 0.2453241732050592,
        "sadness": 0.1497776678147156,
        "surprise": 0.05261724516063399
    },
    "action": {
        "anger": 0.33633855397480755,
        "disgust": 0.19972787745427922,
        "fear": 0.16172764632659284,
        "joy": 0.018080221964464727,
        "neutral": 0.15109365293125546,
        "sadness": 0.09864091165982244,
        "surprise": 0.034391134062995356
    },
    "horror": {
        "anger": 0.14400174353743683,
        "disgust": 0.2883919391550266,
        "fear": 0.3635655979519632,
        "joy": 0.003853211181845715,
        "neutral": 0.09642169273115905,
        "sadness": 0.0619203974713364,
        "surprise": 0.04184541647712818
    },
    "romance": {
        "anger": 0.18017885599504146,
        "disgust": 0.14407518095966304,
        "fear": 0.08624916106624772,
        "joy": 0.06696558236128045,
        "neutral": 0.21701090779832166,
        "sadness": 0.25678937518233924,
        "surprise": 0.04873093765966333
    },
    "thriller": {
        "anger": 0.22103281504594752,
        "disgust": 0.2098192829327778,
        "fear": 0.2763123296923755,
        "joy": 0.008453247894931043,
        "neutral": 0.1277493877282306,
        "sadness": 0.10993871740816581,
        "surprise": 0.04669421783588346
    },
    "western": {
        "anger": 0.3657880355879271,
        "disgust": 0.20203379882980366,
        "fear": 0.13790097707417703,
        "joy": 0.0058737898014094144,
        "neutral": 0.17154719847731884,
        "sadness": 0.08938981704720689,
        "surprise": 0.027466384296928322
    },
    "crime drama": {
        "anger": 0.33139329513919163,
        "disgust": 0.22732665992442488,
        "fear": 0.19779923855797518,
        "joy": 0.005243910531481072,
        "neutral": 0.12145527985286934,
        "sadness": 0.09737280911794723,
        "surprise": 0.01940880892796808
    },
    "crime": {
        "anger": 0.2965558367131021,
        "disgust": 0.24941632566517272,
        "fear": 0.18014465121421214,
        "joy": 0.006904494366357665,
        "neutral": 0.1391386132809098,
        "sadness": 0.10780196584461407,
        "surprise": 0.02003811022545072
    },
    "adventure": {
        "anger": 0.2866254395212951,
        "disgust": 0.21144572616527404,
        "fear": 0.1859185133851818,
        "joy": 0.0084590387506657,
        "neutral": 0.1673938512973323,
        "sadness": 0.10706679531140254,
        "surprise": 0.03309063625587014
    },
    "romantic comedy": {
        "anger": 0.16593952445082694,
        "disgust": 0.15610636654565385,
        "fear": 0.12165031326532533,
        "joy": 0.043743778674842845,
        "neutral": 0.21336958742464038,
        "sadness": 0.2422843655534118,
        "surprise": 0.05690606435225126
    }
}